,file_id,Entropy,PercentageOfNonGaps,PercentageOfTotallyConservedColumns,SumOfPairsBlosum62,SumOfPairsPAM250,StarBlosum62,StarPAM250
0,1,-376.37891904405114,79.93527508090615,12.135922330097088,-1818,-1708,929,737
1,10,-534.7201632589636,56.080220713073004,0.8488964346349746,6159,11313,9136,9346
2,100,-401.33221754420924,77.22308892355694,9.67238689547582,-2166,-2098,1215,1163
3,104,-162.22615923989596,98.66255144032922,36.11111111111111,228198,230630,25855,25629
4,104s10,-163.48671516677103,98.76543209876543,37.34567901234568,9817,10130,6087,6034
5,104s13,-114.3661525938297,99.45482866043614,49.22118380062305,6683,6743,5277,5179
6,104s14,-155.17527901900604,98.40534979423869,36.41975308641975,15506,15814,7550,7450
7,104s16,-163.48671516677103,98.76543209876543,37.34567901234568,9817,10130,6103,6055
8,104s6,-58.55026946087041,99.5846313603323,73.83177570093457,3958,3921,4348,4204
9,104s7,-55.959905455900945,99.06542056074767,73.20872274143302,8078,7926,5830,5619
10,104s8,-57.9137552925756,99.5846313603323,74.14330218068535,3966,3923,4352,4205
11,104t17,-161.37852262766563,98.6304012345679,36.41975308641975,129642,131137,19757,19572
12,104t18,-163.98711759030923,98.76543209876543,37.03703703703704,9801,10126,6087,6034
13,106,-605.5362076780555,60.66252587991718,3.1055900621118013,-7848,-7695,-1908,-2019
14,106t0,-207.944154167984,93.89952153110048,28.22966507177033,51,113,2237,2140
15,108,-398.9630494518109,68.42362127867253,10.248901903367496,-2987,-2876,1828,1719
16,108t0,-18.714973875118517,99.73474801061008,92.83819628647215,1839,1755,3814,3619
17,10s10,-316.2119662858401,89.56414978514427,8.83977900552486,20170,21246,8399,8358
18,10s3,-118.09351256851168,94.15954415954415,52.13675213675214,6492,6605,5462,5381
19,10s4,-92.18857501447285,99.0506329113924,57.91139240506329,848,847,2398,2251
20,10s7,-108.13096016735163,98.46625766871166,52.14723926380368,792,835,2436,2329
21,10s8,-189.60894997383573,97.66260162601625,28.65853658536585,1874,1959,3095,2960
22,10t10,-288.242384945191,90.24566473988439,10.69364161849711,743,878,2534,2373
23,10t11,-383.7445940045946,89.6244131455399,4.788732394366197,208,673,2787,2638
24,10t13,-458.6831181778309,83.60313315926894,1.8276762402088773,18625,22570,8219,8299
25,10t5,-108.82410734791158,98.80239520958084,52.99401197604791,838,811,2531,2391
26,10t8,-144.80997744554205,94.1880341880342,41.88034188034188,10655,10957,6681,6627
27,10t9,-208.68159776680645,95.16871165644172,22.085889570552148,3265,3353,3616,3433
28,112,-78.56989075046128,91.31455399061034,19.718309859154928,504,540,1194,1119
29,112t0,-13.16979643063896,100.0,84.8,552,511,1185,1064
30,113,-729.03291984635,56.165377176015475,1.83752417794971,-22041,-22167,-10713,-10754
31,113t1,-26.339592861277897,98.62068965517241,96.25615763546797,4972,4805,10255,9902
32,115,-77.32499763328823,97.98657718120805,63.08724832214765,6811,6852,5027,4992
33,115t0,-72.78045395879433,98.8255033557047,64.76510067114094,1016,1060,2567,2543
34,115t1,-76.93933704215401,97.14765100671141,62.751677852349,899,947,2409,2402
35,116,-301.6919477074598,50.094339622641506,2.1226415094339623,-7237,-6883,216,241
36,116t2,-264.0890757933397,69.14893617021276,9.929078014184398,-1964,-1914,149,43
37,117,-387.4692739330103,87.10407239819004,15.686274509803921,-1019,-948,2142,1936
38,118,-93.84847838157255,80.03875968992249,17.829457364341085,-31,156,720,779
39,118s0,-32.57791748631739,92.07920792079207,53.46534653465347,133,150,578,567
40,118s1,-72.59666314224303,81.77083333333334,27.34375,16,98,730,762
41,119,-387.8636605405996,54.91718426501035,6.055900621118012,-5402,-5280,-376,-353
42,12,-515.9805213467982,20.012893718916928,0.0,-3180070,-3037833,-22887,-20584
43,120,-96.34745809783253,92.6470588235294,31.862745098039213,2539,2639,2436,2362
44,120s1,-88.47546939297867,90.19607843137254,31.862745098039213,1219,1322,2132,2236
45,121,-187.27220917115673,82.55555555555556,4.0,-860,-659,1140,1199
46,121t0,-20.794415416798348,95.97989949748744,84.92462311557789,803,796,1809,1772
47,123,-243.63022345735243,80.7,9.5,-687,-552,3079,2913
48,123s2,-230.41812892272114,73.5,9.5,-1156,-1033,1573,1558
49,123t2,0.0,100.0,100.0,5577,5235,5577,5235
50,126,-235.7888903192792,65.62228024369017,5.7441253263707575,-2626,-2611,718,599
51,126t0,-10.39720770839918,99.38524590163935,93.85245901639344,1181,1110,2443,2277
52,127,-310.1908639641284,93.17389138016941,30.194319880418536,3778,3887,6902,6734
53,12s103,-175.16407019561376,89.45128779395297,11.48936170212766,77141,80023,13129,12876
54,12s106,-139.6834690609465,90.11257953989232,13.215859030837004,16316,15431,6428,5983
55,12s107,-164.90152085127087,56.05763688760807,5.475504322766571,531704,497327,36326,33581
56,12s108,-178.84003789674787,56.5136476426799,4.032258064516129,174624,170271,21456,20436
57,12s112,-218.3045192518859,54.7847585805701,2.356020942408377,728649,739523,41837,40738
58,12s114,-490.7482038364424,64.332892998679,6.472919418758257,-4179,-4127,-374,-564
59,12s115,-239.13577729318163,62.53443526170799,4.958677685950414,-2122,-2079,-246,-349
60,12s117,-324.9120578569248,34.94138596230894,0.6825938566552902,2032851,2207958,68198,69746
61,12s19,-80.95056539797122,91.31652661064426,47.47899159663865,1635,1519,2533,2301
62,12s25,-81.09822012551369,75.59241706161137,44.54976303317535,-332,-352,344,293
63,12s4,-144.86776073702882,68.11145510835914,35.294117647058826,-1025,-1048,217,119
64,12s45,-87.7703059091435,63.500557413600895,20.579710144927535,62351,56620,13286,12137
65,12s49,-41.55168818995803,98.10810810810811,73.87387387387388,9407,8787,5169,4806
66,12s55,-101.79232043194234,71.96261682242991,31.775700934579437,1657,1006,1423,1213
67,12s57,-96.20883739254224,83.55957767722474,39.81900452488688,265,221,1796,1661
68,12s58,-30.916448019936883,99.08256880733946,81.65137614678899,5897,5367,4176,3768
69,12s59,-32.76667668596487,98.68827160493827,77.77777777777779,14685,13388,6224,5656
70,12s61,-29.805328764077615,99.76851851851852,80.0925925925926,861,809,1988,1852
71,12s64,-111.26575073209663,84.67432950191571,35.24904214559387,2900,2871,3218,3032
72,12s65,-69.31471805599459,97.99107142857143,55.35714285714286,585,636,1738,1713
73,12s69,-36.73680056967707,98.19004524886878,76.01809954751131,826,823,1979,1909
74,12s70,-29.331767742700407,98.61751152073732,81.10599078341014,2852,2640,3120,2883
75,12s71,-50.31779355892621,98.86363636363636,69.54545454545455,5295,5097,3922,3711
76,12s74,-69.600114687152,92.99065420560748,31.308411214953267,13174,11794,6090,5498
77,12s76,-36.73680056967707,96.72489082969432,76.85589519650655,813,796,2032,1931
78,12s77,-127.82326762624031,88.05309734513274,24.336283185840706,23122,21941,7685,7239
79,12s79,-40.895683653036755,99.31192660550458,72.93577981651376,798,769,1943,1825
80,12s80,-96.10823779486462,87.78801843317973,29.953917050691242,1669,1398,2756,2439
81,12s81,-102.42786862017421,75.11682242990653,29.906542056074763,-163,-336,470,349
82,12s82,-119.84350080598367,80.08695652173913,27.391304347826086,1054,887,2499,2275
83,12s83,-103.71558437437686,82.5,29.09090909090909,3078,2457,3428,3024
84,12s84,-108.87361318358269,94.36170212765957,36.59574468085106,3659,3852,3395,3361
85,12t107,-110.38482411545091,90.01536098310292,20.737327188940093,5898,5268,4215,3788
86,12t108,-208.41173398909856,55.56331146167807,2.3872679045092835,360921,359007,30181,28927
87,12t109,-188.2782964645153,52.7793317398159,4.8517520215633425,568231,538478,37934,35268
88,12t110,-169.2420850102631,89.61909871244634,13.733905579399142,52001,53646,10857,10583
89,12t113,-208.1923711959758,52.90884104443426,4.054054054054054,623149,603273,39871,37450
90,12t114,-499.75911718372174,56.4343163538874,3.351206434316354,-5093,-5071,-3892,-3906
91,12t115,-351.42562054389305,72.62118491921005,8.976660682226212,-2283,-2217,179,166
92,12t116,-241.89057049492448,52.959697732997476,0.7556675062972292,723626,739762,42706,41693
93,12t117,-314.7681135882614,50.70434782608695,0.75,1058206,1231788,49580,51292
94,12t118,-701.229880861394,49.31302270011948,0.7168458781362007,-17250,-17005,-5390,-5428
95,12t119,-383.9744177638286,22.446411719768122,0.0,3129818,3328219,95299,97345
96,13,-286.96293275181796,71.75824175824175,9.010989010989011,-1957,-1911,372,270
97,130,-515.5851475974858,64.03361344537815,5.042016806722689,-13054,-11530,-176,146
98,130s0,-70.70101241711448,96.04430379746836,67.72151898734177,931,965,2485,2422
99,130s1,-76.93933704215401,99.48096885813149,61.5916955017301,848,882,2285,2228
100,130t2,-361.82564153152947,66.7230682459109,13.028764805414554,-2774,-2528,1150,1180
101,130t3,-344.16862684494413,66.36582430806257,13.537906137184116,-2831,-2608,750,742
102,132,-160.03048309166908,88.0952380952381,17.61904761904762,616,860,1630,1693
103,132s0,-35.35050620855718,99.2063492063492,73.01587301587301,710,742,1698,1694
104,132t1,-110.83962924107064,92.22222222222223,29.523809523809526,982,1095,1869,1874
105,133,-818.1669227760757,51.819836214740675,1.7288444040036397,-14780,-14181,-949,-788
106,133t1,-365.69266627768906,89.91228070175438,10.307017543859649,-370,-120,2313,2324
107,134,-573.0544219081612,82.61526832955404,5.82010582010582,2247,3332,5749,5605
108,134s0,-53.372332903115804,99.7907949790795,83.89121338912135,2033,1882,4424,4038
109,134s1,-160.8101458899076,96.86847599164926,51.56576200417536,1029,1059,3515,3346
110,134s4,-486.16367625052237,90.07633587786259,10.49618320610687,6401,7137,6258,6107
111,134t2,-218.45360566178027,97.71784232365145,36.92946058091287,3350,3248,5049,4700
112,134t3,-312.07121626988214,90.7869481765835,24.56813819577735,1654,1774,4036,3879
113,134t4,-388.908717447928,88.91013384321224,11.663479923518166,1532,1668,4349,4100
114,135,-406.8773949886888,70.65727699530517,8.137715179968701,-2859,-2804,-318,-543
115,136,-272.4872145971623,44.37216961712639,0.2881844380403458,81175,112761,12113,13239
116,136s14,-40.51961374219825,99.86301369863014,61.64383561643836,6081,6122,3347,3260
117,136s15,-38.12309493079697,99.33774834437087,63.576158940397356,461,492,1218,1191
118,136s16,-41.373222865305394,99.48051948051948,53.896103896103895,30011,30061,7187,7025
119,136s18,-43.668272375276544,100.0,60.12658227848101,517,552,1309,1283
120,136s19,-51.460507445320275,99.43661971830986,45.07042253521127,5257,5225,3064,2937
121,136s20,-66.36735741116001,99.88584474885845,36.3013698630137,7868,8087,3737,3667
122,136s22,-109.65448958670376,97.11302211302211,17.56756756756757,19984,21868,5015,5185
123,136s23,-76.93933704215401,94.26751592356688,29.29936305732484,41,94,799,797
124,136s24,-83.17766166719353,92.13836477987421,24.528301886792452,-50,17,730,743
125,136s25,-89.41598629223306,88.88888888888889,20.37037037037037,-166,-143,591,539
126,136s31,-198.50722270466287,88.64638447971781,0.5952380952380952,53794,72507,7891,8673
127,136s32,-301.0785808609277,49.13793103448276,0.5747126436781609,-8596,-7175,1005,1180
128,136s8,-22.075433709453005,100.0,77.30496453900709,3770,3601,2691,2519
129,136t15,-68.14106396417937,98.45474613686534,43.04635761589404,1119,1229,1621,1611
130,136t21,-62.83806363418099,99.05548996458087,29.87012987012987,32545,32997,7463,7334
131,136t22,-222.5002449597429,71.32352941176471,5.588235294117648,-1516,-1453,-591,-604
132,136t24,-125.80118514093769,89.85507246376811,7.453416149068323,-119,68,819,875
133,136t25,-131.38774899951778,92.3076923076923,6.41025641025641,19979,22505,5073,5307
134,136t27,-291.2750370480766,51.00286532951289,0.8595988538681949,-6729,-5899,367,523
135,136t29,-166.99809800232742,91.97947610045908,2.484472049689441,57692,70033,8053,8544
136,136t30,-137.63771407789332,95.84905660377359,10.062893081761008,1851,2421,1841,1971
137,137,-264.0469752877779,91.19170984455958,13.21243523316062,15177,16238,8448,8500
138,137s3,-128.80852723988266,97.17333333333333,53.6,13423,13442,7762,7550
139,137t4,-180.01465974807914,93.24444444444444,38.4,14823,15009,8089,7942
140,138,-445.8230496220858,39.67302452316076,2.588555858310627,-14726,-14659,-1210,-1333
141,138s1,-67.23527651431475,99.19354838709677,60.88709677419355,781,777,2102,1977
142,138t2,-168.57599574682462,82.94117647058823,20.0,-20,1,2137,2023
143,139,-236.3886924993044,86.60394265232975,6.451612903225806,8146,10429,4289,4783
144,139s0,-11.090354888959125,96.56652360515021,93.13304721030042,1046,1077,2301,2362
145,139s2,-33.15085275246928,99.68102073365232,77.51196172248804,2773,2833,3024,3018
146,139s3,-36.043653389117125,100.0,76.036866359447,950,1021,2114,2203
147,139s4,-114.08055865375222,92.85714285714286,35.294117647058826,3400,3830,3077,3317
148,139s6,-161.80979739807665,94.08071748878923,13.452914798206278,3512,3902,3272,3366
149,139t4,-115.75557915351105,95.06726457399103,25.112107623318387,49,61,1134,1122
150,139t6,-180.03328846982203,89.07910271546635,16.115702479338843,7714,9161,4002,4389
151,14,-898.1399614927836,49.01194852941176,0.7352941176470588,-22100,-21623,-5542,-5569
152,140,-456.9340879808684,83.69202226345084,2.0779220779220777,17238,20702,7938,7999
153,140s1,-99.15584216270352,99.49799196787149,59.63855421686747,3671,3779,4311,4241
154,140s4,-106.74466580623174,98.46625766871166,52.760736196319016,805,848,2442,2382
155,140s7,-188.51033768516763,97.66260162601625,28.96341463414634,1896,1987,3107,2972
156,140s9,-317.79307274980795,89.56414978514427,8.83977900552486,20003,21161,8229,8224
157,140t1,-92.8817221950328,99.0506329113924,57.59493670886076,846,846,2395,2246
158,140t10,-350.29108227394124,88.11475409836066,6.0109289617486334,21046,22581,8333,8360
159,140t11,-279.17362414627115,92.91907514450867,13.294797687861271,1152,1297,2526,2408
160,140t3,-108.13096016735163,98.80239520958084,53.293413173652695,841,813,2534,2395
161,140t7,-270.9392413986687,94.35240963855422,12.349397590361445,2034,2252,3237,3146
162,140t8,-146.9131355138392,94.1880341880342,42.73504273504273,10563,10889,6638,6595
163,142,-150.4129381815084,97.23557692307692,47.83653846153847,840,855,2855,2719
164,144,-141.46872434763813,87.55102040816327,8.16326530612245,2099,2316,2523,2505
165,144s1,-51.670913656409994,96.33699633699634,56.59340659340659,1886,1841,2298,2177
166,144s2,-82.61376042329393,96.15384615384616,40.10989010989011,3270,3303,2779,2698
167,145,-52.29839380245261,95.47413793103448,84.48275862068965,5792,5630,6265,6039
168,146,-382.61724366909067,87.91793313069908,16.109422492401215,-930,-852,2225,2023
169,147,-183.68400284838586,97.82608695652173,47.62845849802372,1106,1109,3854,3665
170,14t0,-509.463177711561,77.73109243697479,11.76470588235294,-2703,-2616,384,34
171,14t1,-760.3995465337598,50.3176195252424,1.0030090270812437,-12995,-12804,-5061,-5061
172,150,-134.4877473801356,98.73417721518987,54.43037974683544,8653,8737,6688,6553
173,16,-582.2436316703497,55.899532710280376,1.8691588785046727,-5990,-5941,-1593,-1865
174,160,-155.08083688249894,91.19286510590858,34.78260869565217,1506,1700,2723,2742
175,160s0,-72.78045395879433,99.42528735632185,59.77011494252874,816,853,2225,2185
176,17,-574.6190126841909,68.44559585492229,14.093264248704662,-4152,-4096,-1108,-1339
177,181,-98.42689963951237,99.88290398126463,66.7447306791569,1541,1550,3823,3707
178,186,-201.34985935697856,84.24418604651163,20.930232558139537,3913,3676,4817,4529
179,19,-454.6164359897872,81.71348314606742,11.123595505617978,4493,4464,9516,9120
180,197,-244.1291524028305,86.53707703383729,23.326133909287257,11867,12238,7516,7455
181,197t3,-78.80666034762253,91.24168514412418,72.72727272727273,9335,9062,7201,6926
182,198,-115.75557915351105,97.36842105263158,37.21804511278196,374,425,1712,1716
183,199,-323.0065861409352,96.0388639760837,30.343796711509718,488,623,4077,3993
184,19s1,-495.66108703148285,83.73702422145328,11.18800461361015,-169,13,5853,5657
185,19t1,-15.91285420737032,98.95120839033288,96.58002735978111,11022,10462,11325,10748
186,200,-526.1952432876676,87.42331288343559,14.11042944785276,3525,4680,6150,6168
187,200s0,-44.36141955583649,100.0,88.34244080145719,2576,2416,5431,5034
188,200t1,-198.24009364014475,97.45901639344262,53.11475409836065,1519,1719,4663,4771
189,200t2,-241.95251388754917,97.64844209288654,38.97707231040564,4474,4585,6398,6115
190,202,-112.98299043127126,94.50171821305842,43.986254295532646,432,491,1976,2033
191,218,-18.714973875118517,93.57142857142857,87.14285714285714,735,694,1810,1713
192,22,-1259.7991276526238,13.606241744464597,0.0,-2694295,-2632373,19500,20707
193,222,-320.92714459925537,90.28960817717206,21.12436115843271,-438,-272,2436,2457
194,225,-27.03274004183784,100.0,86.50519031141869,1326,1310,2846,2764
195,226,-104.78023767507875,89.8170246618934,63.48448687350835,3106,2967,4704,4489
196,22s18,-46.614768401142925,98.72146118721462,65.29680365296804,9310,8734,5133,4732
197,22s24,-90.81097392922756,94.61426491994177,51.96506550218341,1751,1698,2406,2261
198,22s30,-95.26607674373656,96.68202764976958,46.54377880184332,6685,6466,4114,3840
199,22s33,-184.9863895221334,92.42666666666666,38.666666666666664,8802,9013,6518,6452
200,22s34,-39.70482429618815,99.78991596638656,56.30252100840336,2789,2903,2127,2154
201,22s35,-132.7523022960133,94.29951690821257,34.34782608695652,108683,106303,15234,14523
202,22s36,-87.73786934153074,98.23874755381604,44.29223744292237,16441,15831,6352,5961
203,22s38,-150.7149241206018,93.87755102040816,25.108225108225106,140141,139071,17266,16619
204,22s4,-29.805328764077615,99.29906542056075,79.90654205607477,867,823,1968,1826
205,22s40,-157.34440998710787,91.54929577464789,20.070422535211268,-176,-83,1252,1324
206,22s41,-168.96054022448897,95.47832585949178,19.282511210762333,34114,34663,8108,7809
207,22s44,-1464.4446851984412,67.39312657166806,3.604358759430008,-23156,-24325,7567,5374
208,22s46,-2203.211740378327,61.927981995498875,2.625656414103526,-32509,-31945,-3157,-3643
209,22s51,-457.47713916956496,65.79320113314446,6.515580736543909,-3722,-3660,-1782,-1801
210,22s53,-321.09568065053975,77.30829420970267,4.929577464788732,-2220,-1966,692,725
211,22s54,-437.3758709333265,63.54642313546423,3.95738203957382,-3740,-3660,-352,-490
212,22s55,-331.61156425598256,46.238130021913804,1.2474012474012475,148665,168841,21153,21314
213,22s56,-496.53518992229874,61.37521222410866,1.1884550084889642,-8776,-8342,-1544,-1397
214,22t39,-275.4124703065237,91.10243055555556,13.28125,8947,9857,6802,6893
215,22t40,-2226.005358836479,55.73906485671192,0.7918552036199095,-88801,-88953,-9797,-11204
216,22t42,-214.87983120420813,58.39201877934273,6.338028169014084,-4305,-3909,814,866
217,22t43,-119.91446223687073,98.44192634560906,50.991501416430594,901,1008,2750,2765
218,22t44,-148.54993766298062,93.83116883116884,25.541125541125542,127400,126335,16484,15828
219,22t45,-233.0246661193593,63.04632867132867,5.965909090909091,29884,31284,8709,8434
220,22t46,-81.79136730607364,98.4375,47.32142857142857,508,581,1671,1648
221,22t47,-2133.6400986364033,61.44419306184012,0.7918552036199095,-98779,-100708,3009,171
222,22t48,-262.41052378183696,65.23944805194805,5.681818181818182,18996,21042,7739,7488
223,22t49,-438.1871580015662,64.2975893599335,2.9925187032418954,-46604,-43725,-5022,-4693
224,22t50,-163.6043088696204,93.17206398751463,12.446351931330472,147234,147803,17662,17089
225,22t53,-467.51671788091795,40.80167844522968,0.7067137809187279,-261340,-224184,12242,12857
226,22t54,-402.97044228925745,67.90341578327444,6.36042402826855,-3741,-3494,177,238
227,22t55,-2356.912208772064,48.68133866860676,0.0,-237857,-238722,-45930,-46840
228,22t56,-469.2882636482456,40.683386030468526,0.528169014084507,-244788,-205625,13089,13758
229,22t58,-2288.6020295203552,40.71220930232558,0.0,-382434,-382952,-63465,-63634
230,22t59,-636.2455110248338,56.639135959339264,1.1435832274459974,-11932,-11381,-1400,-1219
231,22t60,-2251.241794181846,33.296584965644556,0.0,-713585,-712058,-75580,-75543
232,23,-45.747713916956386,85.71428571428572,21.428571428571427,-98,-71,285,304
233,231,-157.34440998710787,97.30290456431536,52.9045643153527,1132,1127,3583,3294
234,232,-65.84898215319485,98.03370786516854,46.62921348314607,370,402,1282,1279
235,235,-102.20707893514287,91.1214953271028,41.58878504672897,984,1028,1674,1637
236,235s0,-54.06548008367575,98.13084112149532,63.55140186915887,657,676,1782,1744
237,236,-211.3456296758851,93.37606837606837,19.871794871794872,882,985,2326,2259
238,236s0,-145.56090791758876,95.33762057877813,32.475884244372985,245,288,1809,1709
239,24,-195.2546376616446,63.19290465631929,2.9268292682926833,-10934,-9691,186,255
240,248,-145.4540657498427,89.3305439330544,25.94142259414226,1966,1976,2484,2338
241,248s0,-30.49847594463756,92.7927927927928,80.18018018018019,728,655,1802,1632
242,249,-312.7470432599831,62.70627062706271,7.673267326732673,-10876,-10825,-1860,-1925
243,249s1,-106.74466580623174,97.58620689655173,46.89655172413793,590,627,2059,1979
244,249t1,-9.010913347279288,100.0,94.51476793248945,1171,1063,2394,2146
245,249t2,-187.69037344669908,89.88888888888889,25.666666666666664,549,675,1803,1759
246,24s3,-59.61065752815533,82.99319727891157,41.49659863945578,-75,-80,482,419
247,24t4,-56.08242760471961,91.67785234899328,48.99328859060403,4202,4126,2561,2442
248,24t5,-63.76954061151501,92.12328767123287,36.986301369863014,118,135,780,748
249,24t6,-70.23405653923756,77.55102040816327,33.33333333333333,207,173,883,794
250,24t7,-113.63548451169623,80.4421768707483,9.523809523809524,-375,-304,701,613
251,24t8,-164.32506518954557,69.86817325800376,5.649717514124294,-2988,-2703,291,255
252,25,-343.8010015577336,71.44177449168207,8.317929759704251,-2377,-2313,200,90
253,252,-180.21826694558612,93.05949008498584,26.345609065155806,45,80,1837,1815
254,256,-305.44702793993787,80.44412607449857,5.730659025787966,-1981,-1635,840,925
255,256t0,-70.70101241711448,99.35064935064935,55.84415584415584,666,714,1859,1812
256,256t1,-169.82105923718692,95.67723342939482,29.394812680115272,229,291,2058,2018
257,259,-481.7372904891631,71.39240506329114,12.025316455696203,-3279,-3197,702,571
258,260,-243.29466037654132,93.65079365079364,30.357142857142854,233,351,2919,2994
259,263,-837.1934075764203,73.73475609756098,2.4390243902439024,-27342,-25752,691,582
260,263t0,-54.7586272642357,98.53228962818004,84.54011741682974,2326,2283,5077,4913
261,263t3,-290.39009277332894,97.93956043956044,47.66483516483517,15097,14888,12082,11435
262,263t4,-318.1545558770156,84.74870017331023,20.45060658578856,-886,-707,2167,2124
263,263t5,-625.2809944386319,82.03656462585033,8.673469387755102,-201,295,6434,5970
264,264,-110.21040170903147,99.4279176201373,63.61556064073226,1388,1318,3605,3306
265,265,-312.609378432536,78.8265306122449,23.299319727891156,-1312,-1285,719,645
266,267,-257.88200767274924,95.36659877800408,23.625254582484725,6493,6517,6897,6714
267,267t1,-78.28220867800951,99.16142557651992,75.8909853249476,6346,6172,6942,6691
268,268,-122.68705095911052,95.84569732937686,47.47774480712167,602,617,2260,2098
269,269,-121.99390377855057,98.60681114551083,45.51083591331269,703,737,2404,2397
270,27,-140.70887765366913,84.17721518987342,14.345991561181433,-550,-519,420,343
271,275,-57.53121598647549,99.46236559139786,82.15053763440861,2082,2054,4562,4396
272,277,-303.5984650852567,94.30823117338004,23.29246935201401,-35,109,2828,2812
273,279,-266.16851733501954,76.84331797235023,11.52073732718894,-1454,-1386,96,85
274,28,-11.78350206951907,92.36111111111111,76.38888888888889,236,215,622,567
275,29,-216.95506751526332,83.61823361823362,10.826210826210826,-851,-736,698,693
276,294,-495.7950757860536,60.79231692677071,5.042016806722689,-15411,-13562,211,438
277,294s1,-70.70101241711448,96.04430379746836,67.72151898734177,931,965,2485,2422
278,294s2,-93.54951469483271,94.69434832756632,54.67128027681662,2192,2159,3192,3068
279,294s3,-219.7276562375031,95.66724436741768,45.06065857885615,934,1117,3776,3782
280,294t3,-322.7475504074664,60.875451263537904,13.357400722021662,-2939,-2695,1878,1805
281,294t4,-361.82564153152947,66.7230682459109,13.028764805414554,-2774,-2528,1150,1180
282,298,-44.36141955583649,99.0909090909091,41.81818181818181,239,296,804,830
283,3,-189.92232747342538,82.36245954692556,11.326860841423949,-792,-728,432,418
284,30,-221.34480564272258,67.01701701701703,4.804804804804805,-2644,-2534,2387,2256
285,300,-30.49847594463756,99.50738916256158,78.32512315270937,816,814,1874,1832
286,303,-313.69516483468897,71.5370018975332,14.61100569259962,-1567,-1584,1751,1526
287,303t0,-59.61065752815533,99.84227129337539,72.87066246056783,1249,1183,2919,2624
288,307,-254.81486241351288,72.33009708737865,13.349514563106796,17156,13242,7952,6610
289,307s2,-6.238324625039508,100.0,96.6542750929368,1327,1093,2692,2205
290,307s4,-111.1925302249015,77.5392670157068,46.33507853403142,8803,7244,5888,4936
291,307t6,-181.69091304920136,74.2248062015504,20.930232558139537,20847,17390,8359,7083
292,30t1,-10.39720770839918,98.5981308411215,92.99065420560748,1068,1014,2267,2143
293,30t2,-63.69449880836788,95.19890260631001,64.19753086419753,2579,2562,3222,3118
294,30t3,-129.06236284591952,74.15282392026577,40.863787375415285,2674,2519,3068,2893
295,316,-579.1272449864668,75.49425287356323,10.482758620689655,-11537,-10416,5061,5258
296,316t0,-248.8398378210209,98.33333333333333,50.138888888888886,1757,2005,5566,5654
297,316t3,-556.6722277927803,64.41379310344828,10.620689655172413,-10894,-10488,-739,-654
298,331,-4.852030263919617,100.0,96.71361502347418,1048,1019,2131,2061
299,332,-460.11426121212924,83.63736871199558,9.618573797678277,-1481,-1205,2183,2094
300,332t0,-239.82892447374158,93.69024856596559,33.84321223709369,389,442,3190,3139
301,34,-96.37565563390078,76.72176308539945,2.479338842975207,1044,1082,1378,1269
302,341,-245.6538640090699,94.5483485873458,24.512534818941504,17159,16735,7767,7362
303,341s3,-131.8876787736862,98.61523244312562,50.14836795252226,3003,2866,3883,3606
304,341s4,-175.91345469362602,96.03064066852367,40.389972144846794,5500,5343,4854,4594
305,34s1,-24.649636515576184,99.62121212121212,56.81818181818182,965,893,1127,989
306,34t3,-62.96220103565498,98.20224719101124,14.606741573033707,1886,1825,1430,1294
307,35,-687.2747330138194,57.77777777777778,1.2077294685990339,-12718,-11866,1017,1107
308,351,-146.33066300057644,91.15168539325843,7.865168539325842,432,672,1576,1618
309,351s0,-36.043653389117125,99.41176470588235,69.41176470588235,657,683,1548,1507
310,351t1,-91.74420419222633,97.33333333333333,32.57142857142858,1181,1323,1829,1854
311,354,-281.16341787171024,89.22413793103448,11.083743842364532,1818,2018,4107,4025
312,354s0,-33.271064666877336,100.0,87.16577540106952,1739,1702,3685,3540
313,354t1,-126.2994193503198,99.55673758865248,51.86170212765957,3943,4001,4814,4672
314,355,-420.79505385296653,77.70127118644068,5.296610169491525,-2926,-2783,1282,1104
315,355s0,-222.5002449597429,88.79310344827586,20.935960591133004,-403,-398,1331,1207
316,355s1,-236.36318857094184,87.35362997658079,20.140515222482435,-549,-528,1286,1169
317,35s0,-169.82105923718692,96.52777777777777,43.28703703703704,792,863,2992,2955
318,35t1,-264.04497157531966,94.9074074074074,26.15740740740741,1976,2209,3676,3623
319,35t2,-439.2265110068543,78.84250474383302,5.313092979127135,-1699,-1242,2403,2459
320,36,-179.52511976502618,84.47712418300654,15.359477124183007,-607,-585,797,711
321,361,-186.3221471300836,95.30516431924883,32.67605633802817,2048,2049,3400,3140
322,370,-182.67747816823626,95.39906103286386,34.08450704225352,2113,2097,3404,3168
323,370s0,-97.04060527839248,98.23529411764706,58.82352941176471,945,934,2630,2413
324,376,-109.51725452847153,94.97354497354497,16.402116402116402,-59,10,941,970
325,379,-51.98603854199591,99.77973568281938,66.96035242290749,817,892,2019,2056
326,381,-438.06901811388644,61.516452074391985,9.585121602288984,-3966,-3947,-421,-547
327,383,-162.90678178309315,86.91983122362869,19.831223628691983,1612,1847,2386,2375
328,383s0,-90.109133472793,92.7947598253275,43.23144104803494,265,299,1401,1399
329,383s1,-90.109133472793,96.3768115942029,37.19806763285024,244,274,1360,1317
330,388,-34.83386320829318,95.90643274853801,52.63157894736842,1138,1136,1424,1374
331,388s0,-2.0794415416798357,100.0,97.19626168224299,556,533,1124,1074
332,39,-267.303307729774,80.25445292620866,7.37913486005089,1834,1921,4132,3995
333,394,-175.77102029701922,91.29901960784314,24.63235294117647,692,933,1929,2005
334,397,-52.53395987376534,79.9410029498525,32.743362831858406,295,371,822,883
335,397t0,-10.39720770839918,100.0,81.0126582278481,364,382,803,832
336,39t1,-32.11339048719242,98.0632008154944,85.01529051987767,4334,4126,4661,4400
337,39t2,-140.0365681427428,92.06798866855524,37.39376770538244,5551,5419,5055,4825
338,4,-937.6741890344705,65.5669786711677,0.21482277121374865,-38625,-37178,-152,-449
339,401,-163.5827346121474,98.46153846153847,39.48717948717949,601,612,2600,2509
340,409,-20.794415416798348,97.14285714285714,57.14285714285714,181,197,544,522
341,41,-134.2147205082278,55.44117647058823,6.25,-988,-1128,1678,1516
342,414,-29.5937101237121,95.37037037037037,29.629629629629626,2608,2880,1340,1390
343,414s2,-17.935662736785023,96.91358024691358,51.85185185185185,601,646,747,762
344,415,-140.1637368605562,92.05020920502092,25.523012552301257,2582,2670,2942,2805
345,41t2,-9.389798421724345,99.21875,87.5,3465,3214,2420,2230
346,42,-623.728804780012,59.18088737201365,0.0,-19646,-19122,-5196,-5182
347,429,-258.2654564977078,15.584415584415595,0.5194805194805194,-15929,-14775,4569,4731
348,429s7,-517.7809438782799,53.57142857142857,2.987012987012987,-5572,-5536,-4529,-4484
349,429s8,-492.40833214436543,38.26839826839827,2.0779220779220777,-10359,-10271,-3696,-3622
350,429s9,-35.23633024347332,61.77777777777778,11.0,6715,6953,2493,2552
351,429t9,-263.86445266725633,16.280991735537185,0.7792207792207793,-17643,-16851,3794,3920
352,42t0,-222.5002449597429,92.27848101265823,18.734177215189874,-261,-208,1605,1513
353,42t1,-313.9956727936559,71.47177419354838,8.669354838709678,-2162,-2107,-626,-669
354,43,-348.9278755053223,63.8091125026992,2.8503562945368173,-3058,-2738,4986,4781
355,433,-39.68137646108667,93.93939393939394,24.242424242424242,351,424,630,684
356,433t0,-12.476649250079015,100.0,70.0,256,274,604,637
357,437,-152.7028650183002,92.29166666666667,4.166666666666666,7922,9008,3288,3315
358,437s0,-22.180709777918235,99.63503649635037,76.64233576642336,549,552,1257,1223
359,437s2,-48.65372484060525,99.4949494949495,49.24242424242424,1289,1328,1620,1597
360,437s3,-40.895683653036755,99.6268656716418,55.970149253731336,384,412,1104,1098
361,437s5,-107.23578366748195,95.23809523809524,19.28571428571429,3899,4072,2363,2293
362,437t7,-139.40714176296052,93.74021909233177,5.633802816901409,7388,8180,3135,3164
363,439,-101.19948836175216,88.29787234042553,22.340425531914892,-176,-132,649,635
364,43s3,-24.937318588027964,99.46236559139786,85.08064516129032,3421,3285,3632,3430
365,43s6,-135.77984286785548,97.67596281540504,32.27091633466135,10620,10545,5402,5191
366,43t3,-77.63248422271396,99.04109589041096,69.31506849315069,1249,1221,3135,2958
367,43t8,-200.1670564959953,96.12403100775194,19.767441860465116,20335,20238,6939,6664
368,442,-57.00640174343009,83.64661654135338,36.84210526315789,1619,1496,1677,1531
369,442s1,-41.83551905953608,85.60606060606061,50.75757575757576,906,838,1352,1210
370,451,-591.9778662237065,69.51541850220264,3.2305433186490458,-9789,-8761,2491,2773
371,451s0,-46.44086109751633,98.60074626865672,87.5,2339,2305,5152,4986
372,451s2,-382.61724366909067,66.9449081803005,7.846410684474124,-3026,-2958,101,-13
373,451t1,-201.10234109215108,95.89460784313725,47.794117647058826,4421,4748,6324,6326
374,452,-14.556090791758852,94.92753623188406,89.85507246376811,789,715,1779,1626
375,455,-56.14492162535559,97.79411764705883,40.44117647058824,245,288,963,958
376,46,-436.34573895841294,63.39004410838059,1.7013232514177694,-5526,-5217,-920,-759
377,468,-117.04563146747304,74.01785714285714,29.017857142857146,2940,2618,2685,2383
378,468s1,-44.599073759523634,98.91067538126362,62.745098039215684,1650,1487,1967,1728
379,469,-98.32684390198278,95.36423841059603,23.178807947019866,505,516,1173,1050
380,469s0,-61.69009906983517,97.95918367346938,39.455782312925166,209,191,922,791
381,46s0,-306.3710538074965,71.39917695473251,9.053497942386832,-2086,-1987,-16,-64
382,471,-296.33448184232117,97.68326417704012,47.994467496542185,14516,14265,11841,11097
383,478,-74.85989550047417,98.87640449438203,39.325842696629216,304,301,1224,1153
384,48,-320.92714459925537,90.28960817717206,21.12436115843271,-438,-272,2436,2457
385,482,-125.45963968135031,90.87136929460581,24.896265560165975,-98,-5,1010,1057
386,488,-96.486746466468,71.77777777777777,20.0,1661,2155,1943,2177
387,488s2,-63.52911678269864,78.88888888888889,47.77777777777778,779,974,1493,1628
388,49,-695.681477239864,73.6127744510978,2.754491017964072,-6043,-5714,-7,-68
389,490,-513.311815249985,78.51409370916558,5.749486652977413,8581,12660,7127,7494
390,490s1,-47.13400827807628,99.61340206185567,82.4742268041237,1708,1683,3740,3600
391,490s3,-169.82105923718692,88.33333333333333,41.66666666666667,152,184,2305,2099
392,490s4,-229.36239549916917,94.11057692307692,31.971153846153843,5731,6048,5562,5527
393,490s5,-274.7639985095959,93.9423076923077,25.0,9090,9800,6695,6755
394,490t6,-267.934240630732,85.80392156862744,20.941176470588236,311,453,2613,2470
395,490t7,-349.27492741604567,89.61949265687583,17.056074766355138,13349,14922,7623,7855
396,490t8,-375.3548265254354,82.66304347826087,10.0,-742,-375,2553,2432
397,491,-498.692078340654,82.31244064577398,5.555555555555555,5817,8226,6498,6742
398,491s0,-47.82715545863623,99.48586118251929,82.26221079691517,1700,1675,3733,3593
399,491s3,-267.7598245828105,85.80392156862744,21.176470588235293,298,439,2621,2482
400,491s4,-250.78376902891648,93.4052757793765,24.22062350119904,4928,5282,5326,5300
401,491s6,-376.60574601453754,87.88888888888889,10.444444444444445,8532,9656,6755,6859
402,491t6,-488.87074907797705,81.54131355932203,5.720338983050848,2406,4205,5255,5425
403,498,-285.60171796309265,62.779156327543426,10.421836228287841,-4110,-4333,827,519
404,498s2,-159.73795417524073,72.98474945533769,25.816993464052292,-317,-423,1380,1144
405,498t2,-212.42131616254497,65.25,16.75,-1631,-1794,1010,731
406,49t0,-388.8555682941302,87.46246246246247,15.765765765765765,-994,-916,2013,1870
407,4t2,-296.33448184232117,97.68326417704012,47.994467496542185,14516,14265,11847,11169
408,4t3,-603.0859054313067,80.85351787773934,6.920415224913495,5644,6176,10003,9448
409,4t4,-374.99262468293125,66.66666666666667,6.076388888888888,-2968,-2909,-1479,-1539
410,502,-207.1978687471518,95.35467671060891,41.431261770244824,3558,3287,5670,5242
411,502s0,-20.101268236238404,99.52830188679245,94.52830188679245,2530,2362,5210,4838
412,504,-47.13400827807628,82.41758241758242,25.274725274725274,-137,-113,274,303
413,506,-303.5984650852567,94.30823117338004,23.29246935201401,-35,109,2828,2812
414,51,-515.4846372121938,66.12476370510396,0.7561436672967864,-11083,-10340,-685,-604
415,512,-87.47256620390272,96.7948717948718,33.97435897435898,2207,2260,2116,2081
416,512s1,-55.594230668456916,98.2905982905983,51.92307692307693,1456,1487,1853,1827
417,51t0,-103.278929903432,97.67123287671232,59.178082191780824,1046,1044,2897,2728
418,51t1,-176.05938386222644,90.76923076923077,21.846153846153847,-220,-154,1308,1214
419,51t2,-379.04466559854336,75.5800464037123,4.640371229698376,-4071,-3638,638,587
420,52,-297.9365377577796,80.67901234567901,7.654320987654321,-629,-534,2709,2587
421,525,-259.43142555397526,94.64646464646465,23.03030303030303,6398,6426,6948,6761
422,525t1,-77.82011055763621,99.16142557651992,75.8909853249476,6356,6175,6953,6699
423,52s0,-25.646445680717953,99.70326409495549,89.02077151335311,1567,1499,3283,3094
424,52t1,-152.1088181779552,94.5821854912764,38.56749311294766,2597,2584,3826,3661
425,53,-161.50329307046755,87.32394366197184,17.95774647887324,-386,-340,1025,969
426,531,-1.3862943611198906,99.67320261437908,98.69281045751634,764,698,1548,1415
427,54,-670.410624975368,40.39007092198581,0.0,-14179,-14106,-4929,-4929
428,542,-64.46268779207496,83.77659574468085,50.53191489361703,85,106,1124,1101
429,547,-4.1588830833596715,100.0,96.75675675675676,956,892,1943,1802
430,54t0,-101.19948836175216,69.9367088607595,7.59493670886076,-733,-712,59,10
431,55,-84.56395602831343,83.45070422535211,14.084507042253522,-307,-282,247,220
432,553,-125.1950621673817,78.95833333333333,16.875,7527,8705,3384,3543
433,553s0,-22.180709777918235,90.75342465753425,78.08219178082192,462,467,1191,1187
434,553s3,-20.101268236238404,100.0,76.03305785123968,530,577,1230,1285
435,553s5,-66.06613943362566,89.35185185185185,37.5,845,985,1423,1500
436,553s6,-78.14230674672761,82.34649122807018,29.605263157894733,5415,5756,2973,3024
437,561,-390.2418626552501,60.94276094276094,5.218855218855219,-3600,-3573,-545,-718
438,57,-1143.0052971284326,37.3940749779676,0.0,-199860,-198527,-24598,-24559
439,573,-68.37714115505815,51.77165354330709,11.023622047244094,-874,-752,284,319
440,573s1,-59.61065752815533,67.85714285714286,31.746031746031743,-412,-397,-73,-52
441,57s1,-513.8753978184676,51.13458528951487,7.629107981220658,-7861,-7798,-1293,-1365
442,57s7,-996.2886439712534,59.823008849557525,0.5309734513274336,-34117,-33566,-4333,-4306
443,57t0,-26.339592861277897,99.36974789915966,84.03361344537815,1063,1038,2302,2206
444,57t1,-528.1781515866783,63.11377245508982,8.742514970059881,-4525,-4452,-2735,-2746
445,57t2,-532.3370346700376,62.589928057553955,7.913669064748201,-4690,-4638,-2948,-2972
446,57t3,-239.13577729318163,76.50753768844221,13.316582914572864,-1314,-1282,646,479
447,57t4,-519.7821786776719,45.33847980997625,3.800475059382423,-10811,-10628,-541,-610
448,57t5,-592.468214370944,52.52051582649472,3.985932004689332,-9119,-9040,-1985,-2058
449,57t7,-959.51179391362,52.3201174743025,0.7929515418502203,-48916,-48065,-11033,-10914
450,57t8,-1066.0176673168237,41.09535066981876,0.0,-97674,-96848,-14853,-14782
451,581,-188.55041833220412,77.93197278911565,1.7142857142857144,-738,4804,3975,4103
452,581s1,-2.0794415416798357,100.0,98.14814814814815,807,745,1633,1501
453,581s10,-58.1175209992893,92.74691358024691,43.82716049382716,2900,2819,2466,2286
454,581s11,-70.69542890255319,99.38837920489297,29.357798165137616,4279,4566,2197,2167
455,581s12,-63.90392538952551,93.72427983539094,43.20987654320987,7318,7164,3527,3319
456,581s14,-102.5466503867522,91.20481927710844,17.46987951807229,3240,3324,2582,2449
457,581s15,-161.6090468804089,75.04578754578755,4.166666666666666,-2693,-806,1214,1374
458,581s18,-179.25106689428347,76.75187969924812,1.7142857142857144,1569,5473,3776,3838
459,581s4,-14.465409822859177,98.87387387387388,85.13513513513513,1990,1794,2124,1903
460,581s5,-13.93434209621825,99.1554054054054,85.13513513513513,4090,3681,2865,2565
461,581s6,-16.635532333438686,99.53703703703704,77.77777777777779,420,403,953,887
462,581s7,-29.805328764077615,100.0,60.550458715596335,335,348,875,836
463,581t12,-93.57486937559274,93.97590361445783,18.67469879518072,-46,40,752,771
464,581t13,-81.68513430215633,87.20538720538721,9.696969696969697,14458,13563,5087,4639
465,581t14,-90.13139642308684,88.3030303030303,9.696969696969697,16947,16312,5389,4985
466,581t15,-87.33654475055322,93.52941176470588,25.882352941176475,25,77,857,837
467,581t16,-137.35363815027011,92.94117647058823,12.352941176470589,44,219,943,983
468,581t17,-133.3430095526001,92.47058823529412,12.352941176470589,1625,2058,1691,1755
469,581t18,-194.59756666992752,73.0909090909091,2.2857142857142856,-8179,-6325,338,535
470,581t9,-96.18535612160014,91.5929203539823,9.734513274336283,1647,1973,1596,1607
471,587,-694.219723934519,61.702733485193626,4.328018223234624,-15839,-15530,-2303,-2197
472,587t1,-103.278929903432,96.09475032010243,80.92189500640204,2814,2688,6866,6457
473,588,-82.9654120905236,84.71774193548387,10.967741935483872,222607,226472,16999,17028
474,588s25,-18.54411563829362,90.37900874635568,73.46938775510205,59725,57065,9655,9201
475,588s27,-32.98366678051954,84.32900432900433,35.714285714285715,61491,60612,9942,9768
476,588t12,-19.40812105567846,93.30985915492958,80.28169014084507,465,467,1156,1153
477,588t28,-62.31459040707923,85.26645768025078,28.57142857142857,203558,202845,16091,15835
478,588t29,-66.42400555172088,88.14317673378076,32.88590604026846,778,874,1419,1461
479,59,-442.9210483778061,62.08708708708709,4.054054054054054,-4000,-3934,-2519,-2454
480,6,-83.17766166719353,97.54901960784314,41.17647058823529,338,392,1332,1340
481,60,-124.06605868397479,72.04301075268818,5.161290322580645,-1131,-1130,74,17
482,603,-183.68400284838586,97.82608695652173,47.62845849802372,1106,1109,3854,3665
483,604,-32.57791748631739,97.39583333333333,51.041666666666664,219,245,695,698
484,60t0,-90.109133472793,77.0,13.333333333333334,-497,-507,239,146
485,61,-552.2114877702256,69.37703277458094,4.553415061295972,-19153,-18246,-772,-757
486,614,-313.69516483468897,71.5370018975332,14.61100569259962,-1567,-1584,1751,1526
487,614s0,-59.61065752815533,99.84227129337539,72.87066246056783,1249,1183,2919,2624
488,61s2,-296.9291284711045,82.87526427061312,21.56448202959831,-109,-76,4560,4443
489,61t3,-353.5577506120364,77.42616033755274,15.400843881856542,-3424,-3196,2000,1932
490,61t4,-154.57182126486808,97.30290456431536,53.7344398340249,1155,1136,3651,3331
491,62,-150.06844181007514,49.25847457627118,3.389830508474576,-3250,-3211,-202,-253
492,620,-114.54402551309934,72.05761316872427,9.876543209876543,22633,24037,5600,5480
493,620t11,-85.265796484748,91.04166666666667,31.25,663,733,1356,1313
494,620t12,-61.00070600798264,85.546875,24.21875,25387,25180,5705,5471
495,622,-163.5827346121474,98.46153846153847,39.48717948717949,601,612,2600,2509
496,62t1,-26.339592861277897,98.59154929577464,46.478873239436616,134,145,488,492
497,63,-400.6390703636493,77.22308892355694,9.82839313572543,-2169,-2103,1211,1158
498,636,-81.79136730607364,99.43342776203966,66.57223796033995,1249,1327,3081,3082
499,637,-163.5827346121474,98.46153846153847,39.48717948717949,601,612,2600,2509
500,641,-158.1086197900092,86.49789029535864,18.9873417721519,3511,3876,3187,3242
501,641t1,-88.72283911167311,93.26086956521739,44.34782608695652,288,295,1501,1445
502,641t2,-80.20078520514615,97.86535303776684,37.93103448275862,1734,1836,2532,2529
503,649,-94.26801655615269,95.97701149425288,21.839080459770116,47,69,883,827
504,655,-824.8764013707904,58.938706015891036,0.0,-19486,-19042,-3166,-2981
505,655s1,-719.5201835392247,59.34195064629847,0.35252643948296125,-11839,-11685,-1271,-1328
506,658,-94.49576304458907,87.31060606060606,15.909090909090908,651,769,1239,1192
507,658s0,-24.95329850015801,91.47286821705427,72.09302325581395,367,327,996,889
508,658t1,-60.172129893303065,88.63049095607235,31.782945736434108,699,731,1263,1198
509,66,-273.0034357433691,52.729885057471265,0.0,-22699,-22279,-3297,-3325
510,669,-148.67693803154717,45.812807881773395,0.0,-4349,-4316,-616,-637
511,669t1,-28.419034402957728,85.44303797468355,48.10126582278481,23,29,356,339
512,66s3,-167.00019003217875,79.50937950937951,7.792207792207792,-1175,-1067,386,411
513,66s5,-245.02998437794886,55.81908439051296,0.0,-13743,-13413,-1939,-1962
514,66t1,-30.604796079290026,94.35483870967742,65.32258064516128,1129,1048,1502,1383
515,66t2,-51.98603854199591,99.77973568281938,66.96035242290749,817,892,2019,2056
516,66t4,-215.3259095330477,70.61965811965811,2.1367521367521367,-3786,-3590,61,112
517,66t5,-81.9852362110641,87.3015873015873,8.73015873015873,203,208,1233,1133
518,67,-214.18247879302353,85.73446327683615,12.711864406779661,-750,-653,957,1008
519,676,-35.9706471817591,93.94366197183099,75.11737089201877,42921,42576,10602,10429
520,676s0,-9.010913347279288,99.76525821596245,93.89671361502347,1170,1153,2412,2362
521,676s3,-33.964211847437284,90.14084507042253,76.99530516431925,686,693,1933,1907
522,676s4,-36.96993776223813,93.27073552425665,75.11737089201877,2538,2538,3122,3070
523,676s5,-36.96993776223813,93.27073552425665,75.11737089201877,2538,2538,3122,3070
524,7,-97.73375245895242,88.46153846153847,16.56804733727811,-248,-201,509,536
525,71,-409.464829908866,61.58301158301158,3.2818532818532815,-5331,-5200,-1103,-1210
526,71s0,-196.1606520984649,85.10324483775811,16.519174041297934,-607,-555,867,749
527,722,-183.68400284838586,97.82608695652173,47.62845849802372,1106,1109,3854,3665
528,74,-500.7460983073541,78.40166369578134,2.8520499108734403,-2724,-1859,3776,3785
529,74s1,-23.567004139038122,99.89270386266094,92.7038626609442,2348,2280,4852,4690
530,74s2,-212.14057997997116,93.31926863572433,39.029535864978904,2779,2910,5085,4967
531,74t3,-367.0226222697074,91.9755600814664,17.10794297352342,5371,5989,5790,5819
532,75,-64.408031131036,77.28395061728395,7.4074074074074066,85,269,612,626
533,75s2,-57.38147312655886,83.53909465020575,11.11111111111111,-76,-11,421,424
534,75t1,-27.725887222397784,95.3125,37.5,69,85,388,375
535,75t2,-44.864341149533516,90.625,10.9375,389,502,640,662
536,76,-48.2774390181006,99.23469387755102,35.714285714285715,1789,1811,1540,1474
537,76s0,-14.556090791758852,100.0,78.57142857142857,410,384,931,856
538,77,-273.099989140619,61.89320388349515,4.368932038834951,-2478,-2445,-1656,-1635
539,78,-661.5607807461042,47.99357945425361,0.0,-156554,-154474,-21325,-21173
540,78s10,-291.02478836937547,60.526315789473685,2.631578947368421,-10079,-9343,-643,-496
541,78s9,-505.7372405136164,65.14778325123153,2.2413793103448274,-27291,-26690,-4271,-4203
542,78t1,-67.278017746824,92.19409282700423,43.67088607594937,880,930,1598,1573
543,78t10,-640.9795988267824,51.82998819362456,0.0,-109193,-107504,-16921,-16758
544,78t2,-219.03450905694316,95.66724436741768,45.233968804159446,937,1119,3989,3997
545,78t3,-219.03450905694316,95.66724436741768,45.233968804159446,937,1119,3989,3997
546,78t5,-122.16555020134253,84.87084870848709,43.91143911439114,414,436,2174,2136
547,78t6,-77.63248422271396,90.57971014492753,45.893719806763286,185,225,1116,1126
548,78t7,-188.32391487609357,79.3956043956044,12.82051282051282,-947,-718,1101,1099
549,78t8,-218.34136187638322,95.66724436741768,45.407279029462735,9662,10031,7988,8000
550,78t9,-249.65389810364198,67.0092497430627,2.5179856115107913,-7434,-6755,-137,-89
551,8,-154.64135590131008,67.8125,8.203125,-623,-269,1769,1838
552,80,-1466.8047800632028,33.196244970943226,0.6258381761287439,-63081,-62552,-11319,-11273
553,80s0,-64.46268779207496,91.78571428571429,66.78571428571428,679,695,2165,2064
554,80t1,-1359.5490933664673,40.98934550989346,4.292237442922374,-27295,-27169,-8771,-8838
555,80t2,-549.6657141840349,61.15107913669065,4.916067146282973,-5049,-4959,-594,-850
556,82,-866.9595591007717,47.823691460055095,0.5050505050505051,-54085,-51342,374,355
557,82s1,-53.372332903115804,99.7907949790795,83.89121338912135,2033,1882,4424,4038
558,82s2,-151.60363807869504,95.82463465553236,50.73068893528184,4355,4215,5742,5356
559,82s3,-218.45360566178027,97.71784232365145,36.92946058091287,3350,3248,5049,4700
560,82s4,-292.91981787447355,89.63531669865642,23.80038387715931,5448,5429,6270,5922
561,82s5,-388.908717447928,88.91013384321224,11.663479923518166,1532,1668,4349,4100
562,82s8,-476.8852602252435,75.61929595827901,10.29986962190352,-2809,-2696,-210,-275
563,82t5,-475.8662354314695,89.44929116684841,10.305343511450381,10931,11769,7377,7245
564,82t6,-559.607482519027,82.18694885361552,5.64373897707231,6314,7560,6979,6888
565,82t7,-635.0703608727376,77.95108800308107,2.5996533795493932,-9149,-7532,4676,4647
566,83,-198.9332408207047,84.01759530791789,15.835777126099707,-739,-658,663,648
567,84,-101.66785087924815,99.54233409610984,63.61556064073226,4990,4620,5818,5288
568,85,-623.5073104929908,81.9854514334617,8.857509627727858,-410,-23,6215,5675
569,85s2,-228.73303033452305,97.59926131117267,58.17174515235457,7494,7209,9199,8492
570,85t0,-60.303804708715276,98.53228962818004,82.97455968688845,2278,2237,5035,4871
571,85t3,-296.33448184232117,97.68326417704012,47.994467496542185,14516,14265,11860,11197
572,86,-1169.054622506723,34.89219966692173,0.6436512580456407,-255694,-253148,-29515,-29432
573,86s7,-676.2916263804394,50.51417454141189,8.852140077821012,-56810,-57155,-12919,-12903
574,86s8,-701.7742352697378,68.00124146492861,7.82122905027933,-9948,-10061,2830,2473
575,86t10,-1033.586515821597,51.03539433103246,1.615508885298869,-153643,-151812,-20940,-21247
576,86t8,-402.0253647247692,58.11594202898551,15.942028985507244,-4059,-4076,-446,-729
577,86t9,-879.4849566850983,53.449541284403665,4.220183486238533,-122515,-121419,-24384,-24342
578,87,-255.77130962662036,79.34272300469483,13.380281690140844,-1285,-1222,725,641
579,89,-80.81626950356383,82.10227272727272,7.954545454545454,-234,-19,429,503
580,89s0,-42.9751251947166,91.76470588235294,27.058823529411764,29,76,489,486
581,89s1,-62.638968498586635,86.97318007662835,16.091954022988507,40,175,551,593
582,89t0,-33.964211847437284,94.66666666666667,34.66666666666667,77,112,476,492
583,8t2,-61.38104638112861,83.96464646464646,54.04040404040404,2604,2787,2481,2507
584,9,-65.88536889932824,70.26748971193416,14.814814814814813,3563,3375,2584,2442
585,90,-434.4343643511912,75.95061728395062,2.2222222222222223,-6937,-6278,-131,7
586,90t1,-169.82105923718692,94.76744186046511,28.77906976744186,157,211,1920,1782
587,90t2,-279.817457691403,84.86590038314176,7.471264367816093,-1198,-949,1156,1281
588,92,-126.50651709828381,81.82640144665461,10.759493670886076,1555,1590,1868,1669
589,92s2,-41.90830235711992,88.16666666666667,57.99999999999999,2202,1887,2085,1833
590,92t1,-47.13400827807628,91.89189189189189,54.054054054054056,248,258,1048,1023
591,92t3,-97.8523186910987,82.40506329113924,20.253164556962027,1407,1328,1719,1519
592,92t4,-102.71854569864355,84.49367088607595,18.354430379746837,2476,2358,2166,1957
593,93,-1456.256876258548,22.130155126749912,0.0,-158694,-154913,-8554,-8038
594,93s0,-72.78045395879433,96.32034632034632,54.54545454545454,551,624,1745,1773
595,93s1,-173.9799423205466,96.66666666666667,53.51851851851852,1233,1408,4103,4178
596,93s2,-268.94110605725933,73.28159645232816,13.968957871396896,-1655,-1586,-270,-243
597,93s4,-424.74116994794144,67.89895255699322,2.957486136783734,-5915,-5734,-1633,-1566
598,93s5,-407.1738532705417,48.23712948517941,3.9001560062402496,-8078,-7353,1253,1419
599,93t7,-1369.8810208137984,22.08861305059908,0.038789759503491075,-128663,-125975,-6662,-6281
600,94,-174.6925641852297,82.73645546372819,24.793388429752067,705,754,2831,2730
601,96,-558.6308195814122,64.88294314381271,7.58082497212932,-5339,-5188,1376,1278
602,96t0,-56.14492162535559,99.56989247311827,82.58064516129032,2102,2069,4585,4412
603,99,-112.4972631890802,84.60264900662251,6.622516556291391,194,303,1231,1192
604,99t1,-63.76468285401137,95.27363184079601,26.865671641791046,827,841,1390,1319
